Short-term,long-term
0.8466246092049371,0.7259622519100045
0.8371991889380213,0.749224896472885
0.8291739974069442,0.7289734069306179
0.8913121124142969,0.8151384174940285
0.8702589307818787,0.672413182712065
0.8462472432821746,0.7722720288629881
0.7947634443906916,0.7232688919178035
0.8736992881407826,0.7774059934760902
0.8940535643328232,0.79283856253773
0.8578244642228868,0.7529699052918712
0.8746970230988452,0.7688869780515881
0.8108135200037518,0.7828767921130831
0.8758751145274822,0.7981944231002059
0.789752780704634,0.7588963503357645
0.8460029512875448,0.7590770004429506
0.8463058573847947,0.7632810084460359
0.8284272846502471,0.7183830391908821
0.8676338085698843,0.7922108077975445
0.864782887501848,0.7935138015548837
0.8379656089952409,0.7740268682912878
0.829385440901595,0.7813829222691113
0.8616599680815986,0.7992592250052303
0.8916005652215581,0.7996078104743654
0.792262958060526,0.7367541157957872
0.8393233674045715,0.7676337189763519
0.7657407834310236,0.7265267439835575
0.7899807267469419,0.7745114867072168
0.8544146696275124,0.7681645622975908
0.8696875306948902,0.7976463986773387
0.8717585503385981,0.7717339412626494
0.8828413984065475,0.7877739308155806
0.8423741838496632,0.765146871361539
0.8782743388450153,0.8017083594081558
0.8744602083824528,0.7947162921450823
0.8650681984328422,0.7640604964337456
0.8434037757767323,0.7897484825557491
0.8453045034017465,0.7850461061015389
0.8580615017367813,0.7754513857969163
0.823453967004874,0.7470847300298622
0.8886656927727576,0.7972652360292157
0.8830526575523263,0.7937161614455143
0.8332894044418581,0.7299889614800769
0.8662863984006668,0.7713899152968529
0.8814299973432617,0.791327725320071
0.8291487651612975,0.7462245901121811
0.8374977197586337,0.7683369079900462
0.8686447442918861,0.7880048879538281
0.8791458532450511,0.8169406712930594
0.8537762576183169,0.8012472919015166
0.8788539064031861,0.8155058408478554
0.8518942472693782,0.8202782366694491
0.8224050363973817,0.7538594040317502
0.8708518352273855,0.7911895811196713
0.8608417309615367,0.760555192261059
0.867158799556191,0.7938229239118575
0.8630784791665016,0.8344911265826535
0.8548594637621872,0.8055595174939624
0.8932212095246695,0.8025144258513675
0.8695014367898204,0.7816628798450487
0.8545933343903082,0.7815145851976584
0.8202199729446217,0.7363676340212539
0.8718166553753303,0.7786769370483793
0.8315758762174331,0.7940271996250083
0.8810620020715224,0.8061768969358378
0.8687139627451008,0.796428085561992
0.8811141361486026,0.8001149522182067
0.8844381135291968,0.7954231115656638
0.8442619464019391,0.7832156151483316
0.8380166463111052,0.7867777773564315
0.8274718184723344,0.7563807880009602
0.859917658319679,0.7547290985649536
0.8582119635305003,0.7788385660869581
0.8362045167236417,0.7880781017721039
0.8634504670298021,0.7930891184281517
0.8473596260777303,0.7487183747692508
0.7849891659732137,0.7059421951881834
0.8601866183698335,0.7928458313929148
0.8252166559307188,0.7703239727359723
0.8587788051039037,0.7601601270242392
0.9022824287732482,0.7999922209640359
0.9054841044273771,0.8259816826044121
0.8046052907113074,0.7662878551740682
0.8511694290708595,0.8079610615603886
0.8899957934821051,0.7944002601918407
0.8432845791443917,0.767084481614476
0.8811560357322639,0.810600341925182
0.8881357878317468,0.7918138297870466
0.8355001287161523,0.7864633641546211
0.82025823625415,0.7481628420585232
0.8773917587924324,0.783520015618389
0.8795502423130565,0.7944548862774422
0.8491775631581483,0.7555218100208806
0.8831631994574964,0.8038648374093326
0.8319259603830779,0.7609559197222953
0.8909882756697505,0.7897041944766123
0.8277301726006471,0.7300048307561311
0.8674676733618298,0.7570914523345329
0.8235294391929833,0.7815205042676063
0.8349537137565923,0.7980244203490474
0.8961053139077816,0.8077256952503018
0.8527932549077178,0.7776160134717275
0.8292438635019584,0.7054816594329286
0.841469257933027,0.7756229121609354
0.8420083851400774,0.7462554555964589
0.8510919659760631,0.7731139357983623
0.8604591488450013,0.7845399363960295
0.8720303723480539,0.80366418956171
0.8836938675953844,0.7810513060155274
0.8683065890763747,0.7911484255271752
0.8826627560829164,0.7905440836459443
0.8352714456439898,0.7803347761111408
0.8438605934690023,0.7605801852658727
0.8406295221686207,0.7647560237050499
0.875227596500104,0.7992839728793816
0.8454235216757902,0.8051471794169013
0.8761402227957582,0.7813256541518412
0.8733146909968278,0.7273345111108341
0.8731984495056232,0.7898219297276389
0.8401690996962032,0.7734661063794241
0.8556851873893399,0.7554730128280034
0.8623068009461319,0.7866942682668492
0.8992665568427043,0.7916157490390782
0.8159016421256671,0.729861843286177
0.8705334605788174,0.8002019418272668
0.9014266353752983,0.785251832631653
0.8666399166784905,0.7730538758283808
0.8579495380236625,0.7767901172463831
0.8312442091709954,0.7136163109449564
0.8861400229002441,0.7631711144150526
0.8624000851652813,0.7779248961225531
0.8242220616034679,0.7821833933214764
0.7826297509826544,0.7543739322327324
0.8779028855931302,0.801278986797547
0.7428405792837621,0.5826937048764703
0.811389874877235,0.7677349131413419
0.8221671364808509,0.7403196392038964
0.8699886745790516,0.7786486700639038
0.8700292231106628,0.7854580048509822
0.8606173373815209,0.7862284586549648
0.8460341124423988,0.7250816306345353
0.8633797362297201,0.7712444535524458
0.821487978984238,0.7703420543140924
0.8989996442381416,0.7716095884806392
0.8484230417609147,0.7796280471012458
0.8395060387191159,0.7680640148567944
0.879663320104225,0.7749215239485032
0.8651782675413654,0.747933363175304
0.83925409205953,0.7391831630551281
0.8595315950086576,0.7862748760345951
0.8764368059738787,0.7931685720492289
0.8197877048356835,0.730192270199829
0.857249106789628,0.7694981886179303
0.8883002616398742,0.8044899433620535
0.827975602454537,0.7275331051074028
0.8260358417543484,0.7390313484912212
0.8040727819339537,0.6757264360665465
0.8510886142924678,0.7417585095182038
0.906790111493059,0.8049756356366091
0.8173838186740364,0.7508525812539165
0.900772182262544,0.7918350746196294
0.8544206288989,0.7970314509840983
0.8568738922597667,0.7834747815958278
0.8840622116234503,0.7831152900243739
0.896286704165832,0.8288778047283493
0.8412756063396583,0.7607609891760454
0.8473055692213292,0.8032259579415315
0.8604955119980331,0.7465151189043833
0.8824109508847775,0.768910111310595
0.8841613587109627,0.8101389134491807
0.8872243655107657,0.7954755200979324
0.8778265378740568,0.8015211964901974
0.8750433458152175,0.7997042237387734
0.866849782709802,0.7599879352025612
0.8371545845753608,0.7478904591668124
0.8567257493596487,0.7905666100965866
0.8615165910163229,0.7798240234839089
0.8909556957936018,0.8224720588769437
0.8862404978220844,0.8189576319580805
0.8220509296573971,0.7751847661550745
0.8763957328838894,0.8030353518952734
0.8966278510560728,0.8127710795614429
0.8185837334281955,0.7698256954957999
0.880939632500673,0.796484771812518
0.8201718922462101,0.7861008607493329
0.8619262400510578,0.7262050348451564
0.8401964540495989,0.7794126042002885
0.8838041770276481,0.7935686227118119
0.8454453891650223,0.7612474898173242
0.8696157492394262,0.7930185277992668
0.8889164417082254,0.8054782756137473
0.8386703612259677,0.7870595042705221
0.8671811169024574,0.8055515060097382
0.8627467030667041,0.7768973168489035
0.8898844336082897,0.8058594377316208
0.8805807430184387,0.7849750619256036
0.8646808448212084,0.7844692168907798
0.8576465476578617,0.7354979804519552
0.8442706316449232,0.771082369930615
0.7676983956988043,0.7465341069900016
0.8548065871205592,0.7775169533630123
0.7827087154265056,0.6943338058250841
0.8905718285251804,0.7975430637904504
0.8842650368920835,0.7822687599523787
0.8941441121690089,0.8038557063440093
0.893298029089402,0.7909706355228598
0.9001879439838744,0.7665573882443101
0.8677011470328454,0.8003659654305388
0.8621278140561693,0.7784825581478408
0.8076102544573835,0.6689461782705715
0.8576066393498828,0.7734593675386586
0.8489218432113685,0.7768449110838499
0.8798566768429813,0.7728310608199918
0.8845290356972142,0.7827384354994588
0.8016141665896641,0.7474376174135076
0.8504854059417672,0.7669247087331829
0.8270530491419363,0.7602466561315494
0.8691894846966548,0.7900753683605989
0.8518554830606446,0.7823923729408476
0.870089076403047,0.7771233224289726
0.8662960304176369,0.7752282260205349
0.9024632055523957,0.8175702981371065
0.8286584402801906,0.778803987577841
0.8336910612969375,0.7586039226977764
0.8058344019569446,0.7471795688035502
0.891265656185244,0.8248672680417685
0.8708761438075053,0.8089420072058712
0.886095291209876,0.7767542752882532
0.8890946037288664,0.805993252681592
0.8713386486535027,0.7637427668799269
0.8694426730625926,0.8027600229248801
0.8830076864807218,0.7973483377130666
0.8215816084776438,0.6546555266488988
0.8899342364945065,0.7672112647617753
0.8211427505232854,0.754112488841485
0.8836892152862648,0.8128726502206247
0.8325817821137348,0.7788299140707963
0.8429563523377589,0.7802875561459964
0.8606243296731124,0.7759500971518329
0.8506839894181342,0.7691295462938543
0.8374437302455677,0.7028177228661058
0.8546638379442286,0.7296635928977153
0.886093737403214,0.7950562612478783
0.8910898170121125,0.7971473051072757
0.8106592064250102,0.6985090910981074
0.8798295844714873,0.7220870273662042
0.8459385214333784,0.7950484182118824
0.8818577075851001,0.8037348674122753
0.8507028694184743,0.7807907322881751
0.8967054935879799,0.7969173582961919
0.8959992911434328,0.7724843617880519
0.884911342097298,0.7464018706283938
0.8867724280474264,0.7902716515868126
0.8514151262875768,0.7919092331145916
0.8856994636570988,0.7864904864418913
0.8734900825050639,0.7897622986352437
0.8918743140299388,0.8046161175115775
0.7934348318077994,0.7500427859122004
0.8777232020011803,0.7670491938095284
0.8549599567686539,0.7869941831172919
0.8644858018297273,0.793915739857939
0.8573949045501444,0.7594139928109694
0.8671047656301256,0.8059827731154208
0.885198027101787,0.7834058817212272
0.8976538934570094,0.8059418453419553
0.8924734494810809,0.7599200740137597
0.8596564126312978,0.7797251512335036
0.8931410378785744,0.8070145440768004
0.8883674673573672,0.812470693462849
0.8526683874696749,0.7666951680750062
0.8595059678885705,0.7809697040824847
0.8565753319110813,0.7730716732670422
0.8621016550663493,0.7719137167511512
0.8720725980982721,0.7645107712099224
0.8295446456477441,0.7995486274051509
0.8718942656602934,0.7848217155779597
0.8294650558719779,0.7652767067996341
0.8712988880765808,0.752197491876475
0.8909291437952905,0.8076406621741948
0.8839814077323671,0.7958209059267088
0.8550729431678825,0.7599637255280708
0.8671755205978733,0.7962684446942657
0.8668365760752273,0.794203930311216
0.8846560005686549,0.7996412625120113
0.8369961218966733,0.7768191776631794
0.8507141332804957,0.7979175218734413
0.8405516763997303,0.7531601268463604
0.8681956251742101,0.7557491883314708
0.8395376428761765,0.786585100897795
0.8183028505304288,0.7014238823114781
0.8802031612642036,0.7964678095586644
0.8426684557975096,0.7488221129235517
0.850303622362347,0.7551491106406648
0.8901421729402785,0.7907213012318721
0.8982321788234187,0.8103536957160914
0.8395065174993925,0.795483273110884
0.853391886174215,0.759949750624016
0.8495255745133667,0.718652672859195
0.8805348244111133,0.7920359606248514
0.888969190632565,0.8016117352201868
0.8597398007553577,0.789145470886161
0.8949175216361656,0.8115916593681038
0.8406127278454902,0.7887898556112873
0.8585517939429013,0.7854110999366193
0.8555110864954583,0.7662034257477645
0.8487711910772961,0.7769487673185448
0.864751632598921,0.7936040293017856
0.8779255242849291,0.7975960125016205
0.846308916935139,0.7771029277018816
0.8316530253834244,0.7695444895726197
0.8647813320252192,0.7691511397039267
0.8880865806043311,0.801721232965867
0.8587820986388285,0.7877346570612707
0.8640911504748825,0.7870016905448475
0.8969900140444715,0.7970965776051762
0.7487208272734064,0.7737600835783808
0.8456255255365808,0.7650951602902347
0.88586437122463,0.8039304777587728
0.8319442996853433,0.749257238379699
0.8526389568302086,0.7542850596858188
0.8505815598355497,0.7652201668803493
0.8354066220781443,0.7450527326603341
0.8758830822736807,0.7956003151318953
0.8816327497619186,0.782771878679986
0.8665452416970145,0.7570543278389997
0.8290104922742484,0.7696719605411013
0.8276316804018502,0.7882895804986747
0.8912989731534221,0.7788060221026054
0.8821106952908687,0.7634924793350779
0.8854287827613542,0.812638272010288
0.8250933729907047,0.7806195331961661
0.8634305519918404,0.7761487384444706
0.8269057747017201,0.7914257426571704
0.8235402626642404,0.7052258544979432
0.8775646325567862,0.8033311269759754
0.8477054631590782,0.7012418550076638
0.8777853770152103,0.7814210832051767
0.8805112846671224,0.770702386501882
0.7786265949230149,0.7999153359271074
0.857323910025249,0.7854118583407327
0.8420817506400924,0.7615691379802556
0.8847453127980243,0.791129733036862
0.8683274841481101,0.770425990888442
0.8651762858414591,0.7723004915637829
0.8772505356802367,0.8100822398886884
0.8559502986632468,0.7803480203887397
0.893832100192429,0.7754254100753762
0.8513291398163779,0.7947691464817425
0.7605492524717408,0.7225115016752586
0.8876580529907135,0.7909612675428119
0.8330985390859766,0.818826987072477
0.8516394993621378,0.7862023374056507
0.895330341190814,0.8062175857138619
0.900871378528859,0.8024928603055931
0.8408676900054605,0.7551866561580722
0.8517287817146377,0.7932346610414667
0.8637302236845492,0.8219317494406182
0.8340660935894153,0.7526110828393107
0.8617089348443302,0.8169246595031026
0.84901829375908,0.7763372554363767
0.8764999508218241,0.8094764103267291
0.8614969531104127,0.7862666645480332
0.862491965130589,0.7639569654479493
0.7996294246345809,0.7110424549617821
0.8394285462219028,0.7670970567795152
0.8763616700149218,0.8095405301496101
0.8515252306419354,0.7439065705238033
0.8755299807679878,0.7990703717373913
0.8463993894381755,0.7520457737380184
0.852616622500049,0.7759577413647065
0.8013525907156261,0.7413702288021936
0.8290781859412089,0.7035424824007462
0.8728627356584184,0.8197219791863743
0.8484658370062393,0.74348823140196
0.8320362017869287,0.7765104273067973
0.8697728657634463,0.7873147723757341
0.8340649714733954,0.7789080112346394
0.8857129760112461,0.7966766468394189
0.8806677120613815,0.8029537583338638
0.8821107091093151,0.7904666240785383
0.8211088821345308,0.7543931086638886
0.8744394246044239,0.7923198964963056
0.8806296674089644,0.8040589590136429
0.8633593582466083,0.7502865634229168
0.8257137093301513,0.7408983859310861
0.887161883553039,0.8030368211105494
0.851920527569231,0.7884310458504622
0.865663143273023,0.79876011194975
0.8678131889056271,0.8021239645144445
0.8839700384990805,0.7968404337626416
0.8420735979037269,0.7646082132433443
0.8858429687746184,0.8048363510495686
0.8452868859491962,0.7634532333762233
0.8586965459775668,0.7992699171811833
0.8669612588146668,0.7708629070029155
0.8185242533228623,0.7333806470736751
0.856348988215697,0.7846032937252749
0.8819747487088256,0.8121920473789694
0.8913614383748638,0.8115393565538874
0.8747807735120886,0.776752987187898
0.8655320763815828,0.8042963948547469
0.8620316585369431,0.7640701592406915
0.8958139948129581,0.7710434566963412
0.8849934076404892,0.7825109107676791
0.8705659737058699,0.7931404664009422
0.8797462035160889,0.8062944821799314
0.8710114747003159,0.7912104326513831
0.8849718862098427,0.8065056115490218
0.8773328790030918,0.7978961631056095
0.8877853385962872,0.7692657894691172
0.8894089657450693,0.7945182532396726
0.8265646865615661,0.7733959558062102
0.8732378091430192,0.8042692312153908
0.875742349366592,0.8044119106479241
0.8916271168196329,0.772188703846658
0.8788805310378508,0.7777851272510191
0.8574134471804683,0.7562052528215
0.8501602792754874,0.8008214017651031
0.8897436730477039,0.786005141106775
0.8409791983664975,0.766178968670328
0.8557044414327707,0.7539591607907535
0.8294615909914209,0.7450915383003847
0.8581269826892963,0.7625961192635253
0.879374211074908,0.8396714050488825
0.8681444975971343,0.7274619814070887
0.8797599673159697,0.8042836419575788
0.8580724607051321,0.7591529682216657
0.8874748016371568,0.7746578176351532
0.8725853415173942,0.796474536524796
0.8488740612819283,0.7587298843573627
0.8562230052576929,0.775603222612595
0.8667948344517071,0.8220310098531249
0.874196991107846,0.7364271786656486
0.8442366589233734,0.7723160935571117
0.8667778519122606,0.726781422179279
0.8714789914970605,0.7841435508778657
0.8796447237232276,0.7981754609345537
0.8442143033166865,0.7703871579049907
0.8802760410581961,0.7904701560394387
0.8344071043139869,0.7651569668901053
0.8492456707560962,0.728565179473972
0.8078579251784891,0.7560425378035807
0.8618760272360911,0.761962578358417
0.8998183517096141,0.7975373212378457
0.8498172171483773,0.7595998499119699
0.89089685545569,0.7964154095949654
0.8812157491682134,0.7773841942423085
0.8640238854835687,0.7833035205973307
0.8922183904948255,0.7948549663598738
0.8519165730385679,0.7757520610206223
0.8266460460824644,0.7304998288653065
0.8574437192050082,0.7986246223301845
0.8381772019758724,0.787386759851313
0.8564490063221367,0.7808613265732264
0.7939586079161226,0.7476731280094575
0.8948851843061926,0.813170454847748
0.8388533199708894,0.72850872078506
0.870987330547534,0.8163806205590661
0.8875673132964336,0.8102449143870225
0.8274375054061383,0.7444524789194654
0.8459769414607908,0.7775395473044612
0.8422022906325614,0.7722492861530973
0.868596967891448,0.7888061888598512
0.7846678573104845,0.7359965111241744
0.8475589532279291,0.7817148056376984
0.8452258885016697,0.766436341054661
0.8585036520567776,0.7805370930343511
0.8462830302460752,0.7489131261750652
0.8813652087826206,0.7973444180456049
0.8526055319208902,0.787092985265575
0.8659343503597017,0.8011576194867637
0.9107567413339203,0.8137212312178059
0.8953853404142885,0.8053051934732008
0.8471951472881525,0.7749795993734433
0.8507029577607568,0.7789801010523824
0.8854252073486804,0.8105054329631071
0.8704683685567128,0.79961998541817
0.8800719287361074,0.7955867259862786
0.8584356047085177,0.770127637132334
0.8185893669488686,0.7403858923370484
0.8634598925124706,0.7816931954638324
0.8808136628753799,0.8023352212687522
0.8891374341291676,0.8132774632072461
0.8447008786562119,0.7438573073703623
0.8585255313850991,0.7628096254409893
0.8818571709482265,0.8045412021416585
0.8772039591134823,0.805441913585419
0.8745464538956954,0.7768200463623983
0.8222164282677595,0.7233766664442591
0.8935650129269724,0.8158195454520939
0.8699799099979629,0.7624491206212252
0.874316837890978,0.7949084026541082
0.855081008024254,0.7964386474440369
0.8348961281602463,0.7553423536107772
0.8867689720991433,0.7987970030159217
0.8791703878346291,0.8162878600870913
0.8748811052853402,0.7804570805261657
0.8438001991359586,0.727424550954753
0.8055862224124792,0.692377204898884
0.8778101744974472,0.7985068615458634
0.8557772551488458,0.7761364904524842
0.8841196312492023,0.7868020917766294
0.8556508021861874,0.785972622683371
0.8269967257570207,0.7748664154340251
0.8416145619404669,0.738835287112433
0.8411188913846349,0.7465558499004336
0.8696095331799978,0.7840165934589837
0.8727840603571695,0.8024794567289693
0.8294034542175323,0.76096185336775
0.8725293562664649,0.7582354209754909
0.8669363382553474,0.78660977827865
0.8893284110656514,0.8120392153370019
0.8553154958196328,0.7324610648581737
0.8887231935559392,0.8062015646321743
0.8985250488637596,0.8033428060583825
0.8098586922637443,0.7623713214844923
0.8866153749110787,0.770555441892865
0.8833327744038706,0.7917008205197208
0.888672422323937,0.7978712098310212
0.8513011232323723,0.7862435997424818
0.8758900923468099,0.790818583239275
0.8727279330563968,0.7994769849405985
0.8905688396454569,0.801338205577511
0.8930432250956102,0.7769791588625743
0.8890066397026838,0.8316456358160679
0.8810941300336662,0.7902334667129709
0.8728306894743281,0.7985762085501805
0.8316400270649307,0.769967282919047
0.8486027557298917,0.7900678221208707
0.8429814788493212,0.7493524975510474
0.8490974080842411,0.7549633195688727
0.8380729166745727,0.8012107974319669
0.8954367937848752,0.7953911317163613
0.8445337160425722,0.7439532171930113
0.8938148589989832,0.7889477341387646
0.8477312315832315,0.7863562906251303
0.8559643642566881,0.789074227272495
0.8353036739628829,0.7889637269807306
0.9016939065059704,0.8330499006771243
0.8472614485522512,0.7533172770652672
0.8464333439592517,0.7726045257369817
0.8617632474253799,0.7795297251700414
0.8387011017100974,0.7589548758280334
0.8472438029710799,0.7515017504712785
0.8627278252214252,0.8134978360481291
0.8757360357521378,0.8087690203764105
0.8890006415260802,0.774981400472239
0.859927099244101,0.7867514560541857
0.8831308681401024,0.7958190273264458
0.8639502640094865,0.8223914700071041
0.8562010317917839,0.7918091582281099
0.8500020026373603,0.7524018460966767
0.8934399134785959,0.7945876965666405
0.8987571346236514,0.7506285497559452
0.820917642100401,0.7638396969463156
0.8498464550917956,0.7299030158760912
0.8574861668767206,0.7890503782985455
0.887377607938915,0.8204833043791957
0.848681202350275,0.7806981952785236
0.8767481515649417,0.7767192958102245
0.857995355493665,0.7848383210708865
0.8350117359852481,0.7861477284960359
0.8766821843294165,0.7929552062150503
0.8794996075896349,0.7756198557580488
0.8823241527280492,0.7902540265845099
0.8880776867226862,0.7975986953776462
0.8725485395314648,0.7962878679864728
0.7946279193052868,0.7810944802158418
0.8702618440802067,0.7840883970772287
0.8404790251627458,0.685068924080742
0.8869855943498995,0.8133855097163946
0.8423243844221554,0.7032383144169541
0.8702306319100909,0.7937812012792346
0.8184634705232632,0.75960108148822
0.8208965130879752,0.754832738447892
0.8824708160307387,0.7802620953654973
0.8603029265928853,0.7910430676638373
0.8698456980311732,0.7759655126734497
0.8754318302106789,0.7913338123981464
0.8781411849585972,0.7792775948731909
0.7988460017897601,0.7256796100677988
0.8355948604339556,0.8058394719651275
0.8299513473364571,0.7809910196498032
0.8237907252486895,0.7645383489489939
0.8720134698507692,0.794238089549924
0.8893418229616664,0.782798660858499
0.8665772465266444,0.7862372260808907
0.7911597283572321,0.7096975918770301
0.8380107191228318,0.7586064679723468
0.8189773545624256,0.7225658255784136
0.8973069283233623,0.8101698888981401
0.8025826974140081,0.7507546343521478
0.8255132790079172,0.7548428534582694
0.8596007872344096,0.7685708750358002
0.819882694359406,0.7433376765524702
0.8427952908586203,0.7779972108178094
0.8711933137908804,0.7968208903075398
0.8409247923203146,0.7036022628169721
0.8663515861914943,0.8005134756914473
0.8854857297242341,0.7510763531887629
0.8157753715668388,0.7468680864115765
0.8528406401703044,0.762819349160684
0.887660082141254,0.7656132741681883
0.8448911835538057,0.7467052339842944
0.8464206683781386,0.7594227301242452
0.8881131782486675,0.8375350647483726
0.8530711111191729,0.7568625162873656
0.8891743419300993,0.801703206298234
0.854425058022989,0.8085851785803396
0.8809336843355253,0.8361045776920057
0.8757820776288046,0.7563077783229835
0.8883625145888506,0.7538549779062591
0.887281886177062,0.7843026974927026
0.8459537399987754,0.7659375368840557
0.8260615885381873,0.7522145491813037
0.8201495606482739,0.6918498586616431
0.8785651236027324,0.7894583426026677
0.8149764112974608,0.7460594372527558
0.8935593623289071,0.7885780507208769
0.8861035249316209,0.778221102513442
0.8848637425300788,0.8003834172969212
0.8412325540432355,0.8008853816527263
0.8894267881614054,0.7899480968639155
0.8255129376205415,0.7760978356376844
0.8287334338759349,0.7641994154340558
0.8828565119836302,0.7832178494595949
0.8573095786404946,0.7703747656605902
0.78059087326139,0.7105640391648921
0.8435008897050374,0.7845289071346787
0.8529939134392844,0.769228484848225
0.8885151866451357,0.785759620784898
0.8584850178472678,0.7547007019760019
0.8454321436936042,0.7791399458758752
0.8509734378612764,0.7796726085229592
0.8259852392211777,0.7520512235184735
0.8917553208039142,0.7946792678806475
0.8314209871368694,0.7658304251318963
0.8822218362320281,0.7929845601026027
0.8464680873064814,0.8024828219609031
0.8718392659124173,0.77731219719935
0.8779644679262496,0.8138881644697451
0.8572892408524184,0.7909932993212243
0.8552217121704248,0.7417184655289909
0.8863182103280517,0.8278973259518596
0.8662881638642644,0.7781442717002272
0.7868447107900345,0.7317919846977738
0.8531219358911988,0.7052632584225001
0.8291965436139931,0.725127079153865
0.881253686084118,0.7871579245539553
0.8623117272175577,0.749809959925258
0.8281448392583708,0.710766637778614
0.8570916462969486,0.7860167563254356
0.880694984102961,0.7039216779272027
0.8887137864156234,0.8020774201579062
0.8525419833244299,0.7810660174754974
0.8877980408798565,0.8245558197291657
0.8952346408656636,0.7811759654016276
0.8647945041867828,0.8055760129380006
0.8743701095321369,0.7924143896608545
0.8766045254788191,0.7751748689866236
0.8662056662225689,0.8147838876758305
0.8660892407135872,0.7702118248746558
0.8396998190199532,0.7449073648972047
0.8822897655382932,0.8117705168250088
0.8620207271688382,0.771964055343972
0.8834848152969332,0.7811622334877509
0.8488925472312996,0.7860147717860678
0.8628685022533379,0.7864524397348923
0.8929137798260701,0.7871774067023016
0.874466184065437,0.8033167031786737
0.8685540228134723,0.8088253491831547
0.8581072402214756,0.7831731913861236
0.8978543500872577,0.8009401222135661
0.8749840679192812,0.8156657217701198
0.8190644986190857,0.7408508518735002
0.8495938282769445,0.7784004416616336
0.8738743368919188,0.7845091978412326
0.8901473186550374,0.7919699268537533
0.8731625519321294,0.7967471456752505
0.8858849774381099,0.7768621607843654
0.8370090229934566,0.7597832309226822
0.8516345487905457,0.7443764399633833
0.8347288717758877,0.7714466945488896
0.8578114832968703,0.7889847339891272
0.8788125989176699,0.7967384915715234
0.8685681435310599,0.8121385331610544
0.8348734925284865,0.7881059710475036
0.8793558242110722,0.7846459506275957
0.8218455496062631,0.7758706090726
0.8242896306785595,0.74663747250845
0.8439523449418971,0.7936395185623343
0.8609248874688505,0.7745878663132871
0.8955241199277418,0.7974339931517993
0.8734436803754879,0.7909327307594888
0.8424296711163892,0.7657991198145844
0.8728956689362394,0.7885978352719065
0.8577461873225984,0.7589449311326271
0.8354724885439101,0.7827229607820683
0.8611754062489971,0.7810283193276975
0.8415013678996314,0.7625273822840546
0.8502866079279291,0.7635421868233901
0.8451706199739872,0.7376873570430037
0.8621580186588979,0.8032056407567605
0.8438980727983955,0.7688057846765503
0.8411531623984942,0.7786582026082732
0.8736008863747642,0.7808392396610354
0.847233428097916,0.7796657780003947
0.8508489840057983,0.7858918617744323
0.8450362249033182,0.7619066277251575
0.8830054831486457,0.8090055968862969
0.8787321986941151,0.7532104565321893
0.855231737331494,0.768982867652738
0.7615963612601233,0.7520623940488356
0.8708124275328151,0.7691046404853262
0.8872097872651512,0.7997940298575125
0.8694798546409981,0.7947916366392948
0.8780612230229093,0.7911093213676965
0.8445213071696781,0.7990215878146857
0.8587445701193537,0.7876477904893942
0.8792455320676552,0.7910704274451135
0.8326963240808095,0.7675355566581907
0.8225240906134997,0.75807330787358
0.8829107628902619,0.781375318777588
0.8595519340418669,0.7660042509355329
0.8606536602964421,0.7915129964872176
0.8400727928208224,0.7592165984677731
0.8812336373032378,0.7957112309681447
0.8187825944233659,0.7641502580363794
0.8871259384199688,0.7989308789418655
0.822120992799702,0.7399358145468011
0.8722208669795366,0.8027046038179559
0.8374347052629529,0.7638074058759143
0.8339231834813181,0.7539259053618098
0.8753915006671665,0.7104884583090445
0.8536234370205793,0.7829940772007794
0.7867126536352174,0.7529979332240007
0.8514267333317039,0.7918795981009266
0.8996096365968409,0.8197534455591495
0.8607893885437548,0.8123231688948991
0.8296498161530569,0.7523651405074505
0.8718338015211576,0.7684880340366462
0.8370736249218667,0.7741057900893548
0.8640853609986469,0.7683091451787166
0.8867332073750072,0.8212993692395485
0.7971052603354376,0.6972146366103208
0.8792289132178654,0.7957643572404403
0.8692556649809198,0.794970544308919
0.8691103812534715,0.7705556851613964
0.8562672593412064,0.7697806310805226
0.859798182285716,0.7897786454336285
0.8480559727164294,0.7552409213879112
0.8687011120278105,0.7857266168874519
0.8338934687492379,0.732429955208827
0.8791156718617621,0.7885896098223104
0.8065330788411031,0.7345693009338956
0.8498591062642373,0.7737259699335391
0.8621806639222214,0.7552193297062824
0.8937309257383242,0.8033121254672155
0.8489404661623564,0.7836790277474811
0.8439545780119692,0.7864329803834381
0.8608260868574624,0.7950664708723306
0.8809063136485628,0.7965475189944153
0.8069708747009922,0.7235374500901541
0.8750542374085625,0.788930946838356
0.8784223180966402,0.7822601430664415
0.8916066806926051,0.8056061737954036
0.891193999496645,0.8218717284079772
0.8858000792241764,0.8006093292964997
0.8940873343707244,0.7871937637045147
0.8677492638793395,0.7959124311136875
0.8909965112211093,0.7794730946072357
0.8033568319072304,0.774230744729289
0.8349858634580751,0.7060817657652717
0.8554284337337801,0.7265938641811032
0.7977752647837624,0.685188360054717
0.8425702736046454,0.7682269713743726
0.8254552317826066,0.7535629334554463
0.8897529963892341,0.7909058188283409
0.8945680180800725,0.7999167521884412
0.8636639392067107,0.795653966200271
0.856158658779128,0.7799217282257964
0.8401518318873371,0.710993714177797
0.879338967660151,0.7842637101213471
0.8647225650308756,0.7567407874899346
0.8360882822458923,0.7241549823318024
0.8611074315933294,0.782566746633265
0.9000280452096937,0.7444365854975322
0.8699351848927345,0.7976338290726482
0.874672195911028,0.791574752174357
0.8424774699870033,0.7617683380278757
0.8821344034044237,0.7993230373604009
0.8544335963591903,0.7641382035958699
0.890362550203754,0.8079274813361
0.8426247344863639,0.7568564737747675
0.8436312158466017,0.7183555162100083
0.8116682969308229,0.7258128144459081
0.8789730630285738,0.7911607752130467
0.8851894655354944,0.776072605785881
0.8675454473813756,0.7738938686706494
0.8599495431270933,0.8230668560793898
0.7908898222735372,0.7425180597375542
0.8734713253655041,0.7940785515386007
0.8521536747750197,0.7988544384632996
0.8235913655280812,0.7751510008437648
0.872126385448731,0.8002083335483463
0.8592002820288833,0.7761192606773606
0.8613647723853854,0.8055057801756077
0.852336701205627,0.7698062564468979
0.8967937422620657,0.787665813010955
0.8632199312925513,0.7719431375651676
0.8647481921143698,0.7812042053148421
0.8661351301221798,0.7700264136148712
0.8734922947601095,0.7931443198104594
0.8456731788963754,0.7859192108773739
0.9034725271836613,0.7928190828745018
0.8554394557733027,0.7852580234001076
0.8691093356973669,0.7824795992146275
0.7900265885909469,0.7007749737940797
0.8629211056362561,0.7718973510713001
0.8490820446398831,0.8048468111188573
0.8388623329172347,0.7837323869566462
0.8338083340676223,0.8287557985270831
0.8622709823670935,0.7467154422226894
0.849753973359059,0.756020360245473
0.8355455454756393,0.7658743269062958
0.8431339513671561,0.7891635067834104
0.8405619718352647,0.7770364420109331
0.8808592417184915,0.7823540529047044
0.896360272264302,0.8083818168802578
0.8808240904332426,0.7849538658917804
0.7830066563650165,0.7142153214304777
0.8104215326363465,0.7890232674996756
0.8377024444259769,0.7595077906518732
0.8124424148742431,0.745898791449541
0.8550094539585233,0.7548357815388181
0.8144950997603839,0.7660325058463081
0.8789936295809492,0.7858755693836422
0.8660790666209934,0.7737383073740397
0.8756111382080354,0.8096384426504495
0.8516960425160403,0.7816424386906182
0.8418848423717104,0.7808435502092365
0.8406726156247168,0.6801424607134026
0.8274307513653939,0.7410264046945635
0.8380834082405296,0.7876472979398798
0.8718603371577192,0.791284007344724
0.8724609284587992,0.8225665207179278
0.8797020575244497,0.8163938086138893
0.8313071535330577,0.7476983487240847
0.8649426365792336,0.8072157708148638
0.8344883156893127,0.7970605237102617
0.861200748123136,0.8127487737821399
0.8657726956138398,0.7947414001498622
0.8702634795581736,0.779024909933427
0.8481716829683631,0.7804135470475961
0.8595227243606502,0.7884407131941075
0.8699581417373665,0.7778936190542969
0.8705592945268039,0.7467802617663284
0.8601757367429886,0.7860998503170071
0.8823364978613738,0.82415581016353
0.8298151651170831,0.791558727517697
0.861729606975408,0.7729742874844581
0.8319400174025442,0.7473944708193505
0.8468078503427661,0.786187221162139
0.8896844525776576,0.8094315994817121
0.8712543483914925,0.7656899215483961
0.8699117705905695,0.749232700509908
0.8869803916033915,0.8101061096680152
0.8438662000971228,0.7901595638931518
0.8880243963679579,0.7963923592679215
0.8831527859334236,0.8028571959810352
0.8403618947951296,0.8040956044863489
0.8590330105277141,0.7516712808427205
0.8341517656873526,0.7693231507364305
0.8686251389560242,0.7677601987986665
0.8448419785138319,0.7774163014732456
0.811717668675307,0.7524503969183766
0.842892471043709,0.7663290620607975
0.8404297075119853,0.7595287648975864
0.8404384954647831,0.7765954729219474
0.8400638946819342,0.7658610578841865
0.8616424187902118,0.7947875144294104
0.8329836459040901,0.7719855436508818
0.8685267968132626,0.7942937413581419
0.8465976607015222,0.7821675336649498
0.8704339182659551,0.7540268712181749
0.7920774140886928,0.7122937316894019
0.8690602853942393,0.7654688020650243
0.8858793074203374,0.7985523032045817
0.8734872017745456,0.7909246448480753
0.8536287187166925,0.7761068872854056
0.8505198397577368,0.8290095772998527
0.8947315153374209,0.8186503536463071
0.8742784175692307,0.791723334820705
0.8510949295665087,0.7781546817890307
0.8752441332645763,0.7872076564718912
0.8387145376516205,0.778113506730391
0.8658617812055813,0.7816571958301296
0.8789518921174062,0.714044686077058
0.8617364997058568,0.7888717319168581
0.8327748153482257,0.7752762750598461
0.8206559806121939,0.6975793220150573
0.8340542704788246,0.7726434976144295
0.8588501994003301,0.7651351640895537
0.8547755340021526,0.7971700190649157
0.8820226448911896,0.7936156280982485
0.8571265118985218,0.7574990426560224
0.8619841192640735,0.749464455234049
0.8158674681026667,0.7250916205469575
0.9077415090833055,0.8063819996913072
0.8753527906460161,0.7942427939005052
0.8621356136164287,0.7806586918199844
0.8428266678436492,0.7621365972207612
0.8414101237960293,0.7578861998628655
0.8803150029696876,0.784709368523568
0.859932798988776,0.7894646048356264
0.8897812750585712,0.812827794616106
0.8829376725138534,0.8203091697861205
0.8651672116401699,0.7960485043272989
0.8017316735416985,0.7675817206200628
0.8444209578079943,0.7890576557112903
0.8699775446648957,0.7832199634095405
0.8260787457735833,0.7746739407628264
0.857161137210346,0.8219196187059596
0.8689596941994212,0.7904537865253809
0.8844971094105558,0.8105017839838009
0.867251984081514,0.7621261358895032
0.8461254657781945,0.7425243059629113
0.8522444016137529,0.7826182288586894
0.8255131091894098,0.7006717968092593
0.8879235886162569,0.813977210921965
0.8358941138475805,0.7637800418667136
0.88989365071154,0.7956401609226538
0.868210919273799,0.7919381626458248
0.7955659820744891,0.6914675942957486
0.8482150836129144,0.8005532965538156
0.8643314717107557,0.7490943078544294
0.8506226051279013,0.7714063472884057
0.8798112607539175,0.8200693827066081
0.8498410266214832,0.7687402012981933
0.8880147505421644,0.8011723113104731
0.8887098278725997,0.799633659330009
0.8739414335149855,0.7705485220413253
0.8725945282470152,0.7743385799433166
0.8735232773774726,0.7954334825826774
0.8616857375425976,0.7222576764042669
0.8218041615603162,0.7891046118300936
0.8744564030404346,0.8218365049995858
0.823903081568124,0.7686844559533594
0.8653274875877841,0.7906149523965857
0.8922555347629684,0.8066856967429312
0.8920007006599684,0.8119741361583069
0.8767199132907866,0.8038050015293476
0.8573119718298525,0.7834383481142081
0.8280631401623546,0.8048977784522235
0.8676752108056376,0.7778604623265981
0.863419201882964,0.7923976219562986
0.8498329572250325,0.7726593266722789
0.8545706489649777,0.7446993599533923
0.865517352194323,0.778348642333463
0.8345870578811709,0.7679737606472159
0.8769059576431911,0.802017751043659
0.847432892791321,0.7562474328583411
0.8829814587342993,0.7962464578079401
0.8979280838890796,0.8030585371785995
0.8569227435457972,0.7291054862911585
0.8309437458556115,0.757156734654459
0.8808771772358502,0.787166220878117
0.8270140754690504,0.7542189575586997
0.8768365175863899,0.7805618438762838
0.8577793107435284,0.7735245008864413
0.8456872257248906,0.8191800673941411
0.8339496309283727,0.7631208853411534
0.8658171555020383,0.7779564134661024
0.8878373856328353,0.8004238059980241
0.8871282278339755,0.7897874986474119
0.8659593594544167,0.7908311873980084
0.8202745901654276,0.7205764838182956
0.868748775838167,0.7958172796415536
0.8799637460872078,0.7926791952981737
0.7831353572650144,0.7435673070162074
0.8275562406533101,0.7025323497635445
0.8563792147961049,0.7857411151085306
0.8709377337360523,0.7772789163214384
0.8314031353566741,0.7517378407407053
0.8215049734506203,0.7803246721268379
0.8733305177491765,0.7778360336908979
0.8665062791727127,0.782609485394641
0.83947757626584,0.7592749711453739
0.8741341732051319,0.7789414331912262
0.8464056183540595,0.7712179215433485
0.8730733672195095,0.7934645546229906
0.8639187206550799,0.7910183123151359
0.8799260791999214,0.8181167601703052
0.8900331699645052,0.7869325724627277
0.7897079889946359,0.7036855926696914
0.8864645699234496,0.8039726904470503
0.8652937879269598,0.7967495820536161
0.8158735404736369,0.755592466100698
0.8084596039517157,0.6773870668684004
0.8768653093691006,0.7808987538647659
0.8888422524582974,0.8044132035838567
0.8864478499277826,0.8042966246129887
0.8771953577362882,0.7743707574094463
0.8967155884590807,0.8020773317940828
0.8454597285391202,0.7641964390244118
0.8524452857813292,0.773310055567713
0.8851659439210231,0.8014812327999322
0.8901567599112429,0.8116036173213493
0.8272307338016944,0.7573041759753044
0.8974521066113761,0.764739256433503
0.8896408971615299,0.7892039089215783
0.8921953599556005,0.7860762678289132
0.8603845009766358,0.7878745629993333
0.8584739250564868,0.7740744974982535
0.8823766644108678,0.7928576240452474
0.8813576309515406,0.7822296556666277
0.8766517420983889,0.805417077921685
0.8828740972897848,0.8002188578572569
0.8171661405516998,0.7636947340289003
0.8888580251646826,0.790109363720638
0.860695913760594,0.7985633014408683
0.8484347685206906,0.8026883660588814
0.887664152105752,0.7748362356722438
0.8757516281839856,0.7846622717442499
0.8640428593177373,0.7491136370274459
0.7925933428134184,0.788621470000691
0.8801690970019754,0.7526755835565406
0.8705672638830503,0.8002079311660567
0.8421475973013403,0.7607682119738984
0.8941239054733685,0.7958555196262985
0.8834334849599527,0.7752628826614743
0.875116867405835,0.7977320577104283
0.8707374497166597,0.7970227838380974
0.8633442446709142,0.7907261803905378
0.9005161252866414,0.8128051258975573
0.8832362150814532,0.8092740685224822
0.8862269722948622,0.7965397411757801
0.8810473923295602,0.8054443210556049
0.887685044304635,0.8147492966114004
0.8833507616027988,0.7718143240634987
0.8604664645891633,0.773819945114404
0.8584812132777533,0.7958238266521892
0.8945493948529957,0.7959067793098111
0.8593742574312775,0.7843282495666293
0.8884748327954265,0.8004361500520175
0.8275621828201973,0.7759510145029582
0.8834318699953225,0.771824529207194
0.8747970374549514,0.7716012497865414
0.8488015693254178,0.7634399310920418
0.8462986856154936,0.7829480831680613
0.8709057577532826,0.8192050878833825
0.8686147005353679,0.7938025707911049
0.8646295545967735,0.7613958894552401
0.8443291906858924,0.7756043677834056
0.8926990052004434,0.7857730930211652
0.8714458215587766,0.7962382534358966
0.8674219096398658,0.7919654833710108
0.7938093909278945,0.7250258281578077
0.8540734467745633,0.7717120880255048
0.8857984514961552,0.7856776592430778
0.8951764269386246,0.7862127429799527
0.852784301507726,0.7721293536228789
0.8825309567982876,0.7969077889878946
0.835563270746464,0.7893621485817094
0.8190027917307766,0.7517884094313428
0.8942455562112163,0.8133314220801796
0.8835347464313978,0.7833144228334111
0.8906150868243026,0.7895006092858431
0.8957334532711787,0.791305705180855
0.8882510894265019,0.7912011672487481
0.8593789928013651,0.7827296233665242
0.8588360239880745,0.7673803218488808
0.8918337748313802,0.7758069630850917
0.8909411743598689,0.7946686671605593
0.848573372306727,0.7941104138752964
0.8752549708171237,0.7936764967815092
0.8829259581803355,0.7774516510226155
0.8506055914845725,0.7880064871792145
0.8927109479127834,0.8071886399287491
0.8650987142719326,0.7790993228457472
0.8953803229464992,0.8030190034609432
0.8421665482542141,0.784950354884117
0.8356770730955505,0.7085580803633668
0.854617018192244,0.7974626275901918
0.8625723725148613,0.805601313860493
0.8999349663900337,0.8022841394469378
0.8803502547703485,0.8043361191624072
0.8604844397760132,0.7675401927272156
0.8838112037901751,0.7993704778276525
0.8610260281846153,0.7698899583759156
0.8875395061417491,0.8150508977582431
0.8799580664393039,0.7953058303569397
0.8848987280694837,0.8023635635069494
0.8841090684881283,0.7717223203199453
0.8598846524246474,0.7879894100368848
0.8454277514184714,0.7746617784839201
0.8669568065126061,0.7919943599845879
0.8629488091557544,0.7807934889341407
0.8427357133687114,0.77865891990494
0.9002926822373216,0.803135843056849
0.8941165455478851,0.7915979200790706
0.8215417318066978,0.7436410009168247
0.8786047129011991,0.7804887882827253
0.8724288385691945,0.8213988553401647
0.8923648427861257,0.8149622025746595
0.8315250846975151,0.7492574959456616
0.8795954906007362,0.766573548396424
0.8660122285725587,0.7455382497803729
0.8335124274475769,0.7838157805478977
0.8968530698923027,0.809313924280745
0.8634236778302109,0.7717841625589029
0.8260453319235825,0.7741753049238776
0.7841817368988985,0.7200162319660616
0.8836253551589044,0.7983846092989487
0.8581601922601056,0.8001940616550972
0.8853387818587991,0.7982918901579955
0.8435982288265655,0.7935518091014311
0.8471380100449664,0.7766522322670161
0.8817553967250706,0.8014542025122932
0.8259066797517163,0.7641874438539424
0.8904204901037593,0.8131291539900128
0.8445561922884832,0.7736810987864942
0.8431144361742319,0.7834209349314135
0.8602201017567939,0.8102558349685136
0.8716927112448261,0.7579252649461883
0.8783006141839137,0.7738055769640951
0.8512052652131994,0.749222357677041
0.890158801464027,0.815711667347124
0.8155964516880458,0.7669611815838544
0.8824895763039544,0.7906060474997776
0.8873340825147185,0.7870541583642986
0.8117010845433281,0.7440264200019312
0.8577928989377315,0.7849837433034116
0.8268973370595153,0.7548084549176198
0.8664136519369039,0.7467689477453826
0.8125032199999784,0.7705966565646969
0.8651214217155255,0.7980524873851228
0.8733494878369047,0.8004074002050712
0.8721246116429443,0.7758006999641236
0.8581203903856401,0.7761692855801037
0.9011074613061238,0.8061154128922448
0.8875356595564432,0.8051044215091968
0.8803272329596328,0.8060650654930622
0.8401272985317795,0.7573063833913438
0.8654542124245345,0.7772689365812048
0.8763648416252042,0.7755709957975706
0.8458396352296627,0.7659119490273107
0.8843180058485793,0.8038996543431144
0.8459267522030637,0.7853143544097438
0.8492852984465897,0.812910872735251
0.8923342321822408,0.8038522654124274
0.8071756504540601,0.7508869038741657
0.8734670004117201,0.78759755168798
0.8825558739423982,0.7622029542411325
0.8247038198609623,0.7510422178330924
0.8350982955765566,0.7576166419338151
0.8711387218565427,0.7835604135122793
0.831807962198598,0.76258846168339
0.8574005959552004,0.7751110999982989
0.8571360961547084,0.7519035501046986
0.881873414738144,0.7853886406981014
0.8241001045103421,0.7732609135106403
0.8679690475413059,0.8362827926099121
0.89127425421199,0.8070526958105895
0.8461649248439849,0.751219491228773
0.8509661861559148,0.7582597280340357
0.7818059456242579,0.6895164352397857
0.8930276279638674,0.7731141671964823
0.8635968661956012,0.8239698734266416
0.8280327425765742,0.7469110780541348
0.8798102885568748,0.7444859353559509
0.8518954262823795,0.7391743186037396
0.8885188473287742,0.7947167195625862
0.8715025848720682,0.7674491845211483
0.8531980336715149,0.7656297277013631
0.8608343614107373,0.7642817988496545
0.875467104320664,0.7783182509300782
0.8833581640528315,0.8003813631723943
0.855619966625238,0.7792797222904256
0.8179884245524127,0.7184162308721262
0.8737084212610109,0.7921634474796299
0.8896126466720996,0.8088388895534134
0.8263540115595424,0.7770192241136508
0.8676535250872783,0.7914895014440839
0.8321922335685539,0.7182423197112547
0.8462301804566886,0.8021363054409516
0.8789965005036465,0.7855177657529998
0.8428996925500075,0.7679105429048897
0.82441314594352,0.7350981934064306
0.8326749087265053,0.7406607588191617
0.8686553269894237,0.7943412923749956
0.8695264938686974,0.7878833240784957
0.8253639495241313,0.7678208263486784
0.8799567490202571,0.8049780194149307
0.8446687579792361,0.7611015551739686
0.876760230479286,0.7904644812784429
0.8560669388180864,0.7854361404086989
0.8785278323767295,0.7954688878328144
0.8982342792380705,0.788831923987266
0.8844468736944748,0.788487123617785
0.8679962754103778,0.7841947734246534
0.822233632464958,0.7472845578332133
0.8567886336423909,0.7757234715419947
0.8202775360074857,0.7649990060333146
0.8425620792118463,0.7617089466390381
0.8131098477390077,0.6138020843854385
0.8606695310306327,0.7541321944279772
0.8853357908967857,0.8081276844209317
0.8385861498330517,0.7783021847735536
0.8643028336900814,0.8048744577388918
0.8315004319420803,0.7380270920657284
0.8876785521406686,0.7866364163517829
0.8826742841115366,0.7785650001534797
0.8692985655689541,0.8001352738479933
0.8219889974226899,0.779909140693262
0.850237664862171,0.7488123292008189
0.8053453033632497,0.7343567101950265
0.8482722467961569,0.7517866182197315
0.8765390627921713,0.7897748299602344
0.866238104751635,0.7863841706916358
0.8572584927511853,0.7894418306105357
0.870054081902015,0.6631410074339992
0.8429286381646878,0.7761585464866975
0.852775756589866,0.7695201518929812
0.8725288386623168,0.8016723449932023
0.8800316924302373,0.8245051945440064
0.8712054459228443,0.7780336146429906
0.8770238962867618,0.7890605956882644
0.9002043578185452,0.7868270344449152
0.8637754589044413,0.7671974735482705
0.832507374591103,0.7514526076808219
0.8550723219558647,0.7682788142123231
0.8580284701675909,0.7599628181515414
0.8685082867571561,0.8003001408264732
0.8717249342254907,0.7726068926347709
0.8513569757660583,0.7665382389574604
0.8704833432750506,0.8187094368849829
0.8525342217055378,0.8007842586206058
0.8111760406704744,0.7175047140332619
0.8828969565028839,0.8041004373374273
0.868447181060064,0.7879757319470724
0.8664573598839621,0.7607776139777739
0.8924206389110603,0.7968378567680044
0.852523046978467,0.7728660703473398
0.8585762662835288,0.8005678304032858
0.8120413208034086,0.7713175541367893
0.8840060364912291,0.7641630288145262
0.8560339270177972,0.7841411756516508
0.86800170173618,0.8041188014007429
0.8032657605660993,0.7314270168348629
0.8798833188299247,0.7775338567969531
0.843110453426375,0.7800454924838318
0.8522151772752417,0.7928181594600724
0.8039492470030993,0.7784011692453651
0.8770912013775396,0.8105959974047193
0.8324970308369769,0.7632822338975068
0.8589524358565322,0.7707046823570181
0.8747803588413251,0.7848812361656462
0.8611820502219785,0.7976784140928334
0.8039784824590069,0.7744012415458452
0.819299220763608,0.7556121713045263
0.8680044464661385,0.7392775849155458
0.8420969236927224,0.7775268665291961
0.8607405805645116,0.7758363868061422
0.8942209307531805,0.8460089855240346
0.8335448601576341,0.78816219326447
0.8925291271398091,0.7760676015142646
0.8730156553650782,0.7880483716585787
0.8394057949742317,0.7442861837247295
0.893825008601567,0.8066559628343161
0.8761926698191779,0.7967929003222365
0.8735336848665458,0.7663883614377894
0.835302106913029,0.7650306869534196
0.86585988950765,0.7752960484545638
0.8212056585497468,0.7438910192050626
0.8888524828832531,0.7902816536360681
0.8442501256930264,0.7288306548851676
0.8338154653874141,0.7623795852474387
0.8931876585502421,0.8039737974995644
0.8890219833536095,0.7406353470767986
0.8669687060090752,0.7888127252071847
0.8932807370519699,0.8027567600407399
0.8616504084301476,0.7760232219308855
0.8564451191065058,0.757469156577116
0.8232482870191165,0.67487199036934
0.8449656030585693,0.773788765693063
0.8193039278553802,0.6868983629590218
0.8331931021855549,0.7410503972513809
0.8753744155799802,0.8037191801889598
0.825714250211402,0.6941989671566188
0.8316247957988695,0.7736848441801553
0.875616091939596,0.7911357299926949
0.8683202125694016,0.8018678171758156
0.848906175673463,0.7735813081427649
0.8227574172459052,0.694342865478317
0.8739754879489652,0.8150880063119185
0.8204083073446711,0.7872443980189172
0.8807173045357319,0.7813304856083916
0.8865435779682653,0.8025359022906444
0.8722437907020463,0.8100294578118146
0.8417712724529849,0.7752849540258392
0.8971778441015115,0.7671976024358487
0.8905758203365968,0.7809147826348514
0.8927582868897491,0.8116179583855677
0.886636418976025,0.7795843186956289
0.8831027023594655,0.7994375973496146
0.8058940910726048,0.7125346665594068
0.7606933315144192,0.7497047116372362
0.8808589960642818,0.8087206590435304
0.8549665324008191,0.7853190273803776
0.8992431340743514,0.7952745020360094
0.865389079340624,0.7832439888087978
0.8578118088184676,0.7696097193374627
0.8949993071255535,0.8017233123346387
0.855336308344541,0.7811523087269667
0.8617538990959277,0.7801589378717009
0.8633936424375489,0.791491516059922
0.8773277365152372,0.8052494454860842
0.9019450181120321,0.8034388435873201
0.8743726991726327,0.7729622805016259
0.8901097155633595,0.7510465990930294
0.8749470355391673,0.7996935323959264
0.8620714936548562,0.8072249036244165
0.8982469906597847,0.8293208971192938
0.8885599051336024,0.8056709137055906
0.8920948737609278,0.7979818369198101
0.8478558882790197,0.7991946771761346
0.888856990021486,0.7904283958172809
0.8637398188098534,0.7581508336213084
0.8973469794257988,0.7922700003982182
0.8828862677649704,0.7956788217512344
0.8729745340549837,0.7899397472981733
0.8944984551758155,0.7930272276081048
0.7926906814184139,0.7332128761283112
0.865973287943821,0.7729180357470097
0.7972484522498103,0.7521563183587489
0.8958191431974412,0.8246028464674393
0.8794827241384358,0.7977460459648252
0.8621668018916233,0.7733278887605525
0.8604891990937381,0.7805370930343511
0.8593875347985188,0.7843012859102627
0.8694907978360631,0.6860700680892788
0.8449789159348999,0.7519758024668133
0.8682753702004599,0.8010454978204832
0.8972079470380934,0.8152795067225199
0.8416930208025695,0.7617323377133886
0.8646243558001463,0.7765853001820717
0.8832335603972358,0.8249908910227604
0.8696706884696765,0.778607397676522
0.8874458905190308,0.787531263205926
0.8168482926233436,0.793501463032331
0.8822362248452364,0.7873011608112023
0.8854459469980873,0.8147384695088915
0.8902463460097872,0.7903192605793492
0.8352993037222131,0.7660809556518781
0.8763207819593621,0.7940007215325993
0.8447700461421837,0.8041327758247878
0.7557395784122443,0.7592942717721411
0.8656815308397696,0.7831228438933135
0.8524530659071969,0.7752179581070686
0.8826309045432859,0.7868167883280925
0.8898226151523484,0.7921390076864022
0.8873884707868837,0.7909597540566048
0.8366877047652396,0.7516961606774367
0.8655767754753968,0.7630021327294105
0.8504755042890881,0.7321456890423298
0.859970573237252,0.7552472097970213
0.8563677593425161,0.7898390277096686
0.8558329499653492,0.7796570429621389
0.8835335545617341,0.7713876681918519
0.8971326635599886,0.8107059024471561
0.8524841959202762,0.7932193448657595
0.8708380928002747,0.7796147979245586
0.8720473370775543,0.8043023594662373
0.8338005302574024,0.7790600425030021
0.8854911756555531,0.8111382426554413
0.8775770961257979,0.7935230054798307
0.8897688959355916,0.804548687357224
0.8245279045525512,0.7675663271051707
0.8948635795754095,0.814147866445365
0.8763890469830918,0.7954874928682101
0.8419917575520075,0.8038679234543291
0.8897382893115756,0.7908156114627146
0.8401378152981432,0.7512640417625116
0.8552749729624127,0.7665878078555074
0.8461115031370097,0.8056718363731212
0.8182729797136751,0.7682703616232199
0.8901114953556267,0.8014984075676047
0.8701363565609332,0.7991052969173384
0.8625305479815131,0.7697198978405402
0.8628531757479306,0.8041968434475227
0.8505739233114883,0.7929658922759847
0.8647897304244992,0.8006732345285864
0.8959922811439193,0.8095277902797233
0.8685309109051365,0.7984551616848794
0.8915737940461522,0.8073920000011215
0.8416707073911267,0.7435477340005902
0.8848029984784732,0.8192623612891498
0.8300384177964636,0.7561313114472009
0.8366306817011996,0.7538052816393381
0.8475636280865442,0.7802356022374206
0.8841274677107105,0.7936519153207741
0.8403902896236289,0.7425447330182772
0.8601844831161032,0.7764103456438791
0.79878576853208,0.7619426971931826
0.833817579075237,0.7454329643067767
0.8260015875325324,0.7114564131916963
0.840081655977111,0.767393846478981
0.8730053004119016,0.8191127859661465
0.8587445440159213,0.8008229419383703
0.8718136037382874,0.769602511879044
0.8640162836104112,0.8017999033781213
0.8730686689888071,0.8200429117705975
0.8162038399838609,0.7469798873293677
0.8254870654817623,0.7238437620231201
0.8461044660025958,0.747372009242787
0.8519037490650494,0.7777179120168574
0.8350887762170586,0.7171523039725242
0.8567421413828384,0.754872502742275
0.8608512906427127,0.7701027186216972
0.8954603970621035,0.8035062977088848
0.846768085501291,0.6619621516931158
0.8587644131709348,0.7684834840834261
0.8916727590477976,0.7849911331294399
0.783729559944568,0.6769315099493192
0.892759704712849,0.8124219796629474
0.8916734371249948,0.7970086614292452
0.8628902010576858,0.7709048586528945
0.8546888287840616,0.758590203687527
0.8599990811448504,0.7574381424519535
0.834106311888033,0.7745018237167636
0.8663665363830311,0.7923436442446605
0.8697508900160444,0.8173139998639418
0.8582171083922476,0.7374658535069525
0.8444777277436868,0.7576537016382705
0.8242747571699285,0.745510722334986
0.8867950050731311,0.787762274956329
0.8314844578963025,0.7629657816633921
0.8926913525620236,0.8135449686529567
0.897021974564527,0.7797829230057749
0.9006719300767293,0.7988853864962296
0.8816904185590965,0.8135521400712212
0.8638083889406627,0.7900371845984344
0.8494274548580715,0.789072121814939
0.8899260261376601,0.8098609607886836
0.8913524213993682,0.7942423325698372
0.8786016693566673,0.7940624177874154
0.8604876326254514,0.7918666876965624
0.8898006830452961,0.8083709338320133
0.8531771959368383,0.7572591740421362
0.8063934472824164,0.703209540684768
0.853096865181634,0.7880054396277222
0.8163502309825684,0.7496871900221151
0.8504322307437227,0.7798558980530493
0.8833031431273907,0.7360896852656016
0.8533590146098637,0.7802197951599227
0.8373791790683985,0.6859779278097906
0.8611649331741784,0.7458027720705914
0.8469888125688372,0.7831610641332429
0.8925095050903596,0.8041867629586296
0.8381086818293682,0.7620399629160368
0.8587821013093918,0.7954612496525976
0.8448181517792267,0.7828280310316015
0.8692723301660742,0.7722923917724158
0.8861958363198802,0.7915778903342436
0.7993348196409236,0.7317022601063288
0.8866883659324811,0.8080519679374977
0.8403987406392698,0.7618616683809781
0.8923044584647596,0.8051797737780417
0.8189822234694589,0.7692930132342733
0.8726083214753346,0.7845332981105264
0.8523769323775825,0.7719494850237666
0.8918223855097206,0.79738554621682
0.8590377376038845,0.7861054456718747
0.8044279829045589,0.7283219600629006
0.8686777081847201,0.7864401847970487
0.8132062120239834,0.6645776299744426
0.8842522377319345,0.7617095456175932
0.8802792433225278,0.7767283434074523
0.8320259616052211,0.7510532289341282
0.8695491439337917,0.7893059005933283
0.8187707396732563,0.7629805208848073
0.8739038303633465,0.7672775952914289
0.883260195632424,0.8219157655422331
0.8894959239596546,0.8195607812452769
0.8917051392441829,0.7948555775493005
0.8464452370251847,0.7547400905686961
0.8623097506964142,0.7733306652979822
0.8272986546511054,0.73989901093764
0.8639670363882248,0.7605609400374808
0.7993174659211846,0.7553905172171935
0.7714869969201397,0.7207772390435433
0.8674281485673736,0.8038148590868555
0.8264974285871592,0.7666130359267931
0.8562010146141157,0.683363586000151
0.9029142343322802,0.7913036319152563
0.8790661079030341,0.8211892068386824
0.7669352414145497,0.7407329432761367
0.8981984911328965,0.8107011324599784
0.8831404540853154,0.8523144551883856
0.861491964778572,0.7917317818881249
0.8865483121877572,0.8189449927049262
0.873977484315155,0.7991885943944926
0.8896720276853993,0.793339447711987
0.8249487061913385,0.7550941349402234
0.8255118054822594,0.7434611430766289
0.8911296611126547,0.8192638509323346
0.8286971290973829,0.7849098623627794
0.8402461222724309,0.7464850896662754
0.8929623935504781,0.792353280156935
0.8389227148880523,0.7742008605984642
0.8789956190089796,0.797350104100383
0.8807293711021292,0.7713355578021542
0.8233928798260658,0.7554042190088416
0.8432887023425504,0.7637710903581038
0.8535882886078474,0.7822642916967089
0.8665890298557808,0.7577935893498596
0.8865243981948039,0.7915856891949226
0.8465744113915077,0.744275504983417
0.8864209668951355,0.8001455427203629
0.8273730915461849,0.7296084227483438
0.8459813179138863,0.761568341802652
0.8885735485318845,0.8013999955789912
0.8869362466782588,0.7681408996317244
0.8924920269475438,0.7839590301348315
0.8415415919904515,0.7690161421437312
0.8556896685722967,0.8038696961024054
0.8629971010413974,0.7892216656755829
0.892783479406201,0.8216392114081782
0.8730539409256054,0.7726240678216825
0.8377263894208825,0.7742792077150592
0.811458511497933,0.7516500251777207
0.8706557196118015,0.7800331672327303
0.8911822232859107,0.7882481623518341
0.8868324787504376,0.8072408366819881
0.8253139338446976,0.7617295207540798
0.833249290330339,0.7619347853701229
0.8697243704089829,0.7881766239100954
0.8951275231123035,0.8036847374602305
0.8470261868863229,0.777254146975787
0.8608966450466553,0.7853855696487203
0.8778498878779981,0.7796566575609014
0.8671148480998329,0.7949217820010104
0.872537480659854,0.7881201971927819
0.8238094656294732,0.789458248140249
0.8724711733513545,0.8244164392670468
0.8447088126482096,0.7977655942249737
0.8647841109323188,0.8313494044941143
0.8311133288388536,0.7532025028916567
0.8539353933150099,0.792912282627571
0.8476337204913021,0.7653845824734951
0.8635251088977387,0.7795151363959197
0.8800691939702169,0.7987454578097661
0.8954967063326933,0.8061018087806958
0.8435507602755865,0.7621723273119708
0.8634715401629226,0.795446139138462
0.8495868219902305,0.8236882216217284
0.8400862030951497,0.7466565121422508
0.8505821435018812,0.7696478506680136
0.8909934224878873,0.8060964910776293
0.8678012162222857,0.8114581446660896
0.81213621828697,0.7034931615394097
0.848125885610998,0.7752410350339848
0.87431741692257,0.7436513550968075
0.860311914455254,0.7884072202334184
0.8705997019225876,0.7892491276235882
0.7937196473035636,0.5098433709919858
0.875614441020519,0.7973331322645678
0.8689008047716408,0.7695380749222898
0.8694091819525097,0.7795018046301065
0.8548412264039663,0.7570057051422067
0.8425084432489193,0.7782795615298561
0.8531492456291462,0.7734623827296344
0.8979448665164035,0.7944748779516643
0.8861848444373813,0.7926767328810022
0.8889984240832319,0.8026458558231117
0.8574508690464249,0.7824561834699213
0.8125310653378407,0.7869077502994913
0.8371172929350682,0.7562929816458598
0.8335481280669903,0.8180421035024313
0.8874969201335512,0.8022193231221375
0.821347688592879,0.7435976968625617
0.8314347173134038,0.7951723642212792
0.8562032973687388,0.7854572845682506
0.8351259180786043,0.7593663263434101
0.8490387600121501,0.8025269415351347
0.8816430512927371,0.8017876423953993
0.871874644516114,0.7997925511489093
0.8725114442254814,0.7842639176104831
0.8898318240591023,0.8016798554544945
0.86239754013884,0.7736152405257628
0.8918534691808988,0.7991959983404546
0.8896167416172044,0.7968424061585961
0.884699116215041,0.8031452790249274
0.8411103755981892,0.7754000779044049
0.875531893214751,0.7916853090821114
0.8248563466702776,0.7630358780136558
0.8311992622819961,0.7816187680891252
0.8631505427474939,0.8015927493514946
0.8871830382097915,0.7849569604424426
0.8534959213676657,0.7699173192081091
0.8547434641831172,0.7692493185395223
0.8513691762857433,0.7310086121569933
0.8775008639476944,0.7895770427888532
0.8729534284587755,0.8083518403296616
0.8872324101419138,0.7315702434014699
0.8715576594916677,0.7947022961275833
0.8816029358353974,0.7995312954518022
0.8448953156378678,0.7984193226697822
0.8931991443283493,0.792409793055864
0.844381252232813,0.7106554100612144
0.815749716236225,0.785585362221082
0.8855188428645263,0.7506587311175048
0.8631481194608517,0.7688752263855586
0.8706444259059987,0.7866482281746668
0.8786859833123459,0.7987433387229154
0.8119092905177026,0.7488462902948013
0.848961764054541,0.7812720799158391
0.8621069122432745,0.7887490974819011
0.8597823885555206,0.7965923845648766
0.8578366604995196,0.7751820488956831
0.8914126376582497,0.7839906649141336
0.8610083181027186,0.7813484682573274
0.8717158258916392,0.7675129718097924
0.8407461889052591,0.7112161974783094
0.8914928101738256,0.8037745750999511
0.8701439434649948,0.7825205769845542
0.8905218971836452,0.7968788895804879
0.8062921528725886,0.7367303827689937
0.8518255450672352,0.7802413262792762
0.818304723906011,0.8147808433071316
0.8507903361305222,0.7694719567246219
0.8204218601533866,0.7676389893348615
0.8293057008749586,0.7645562989809658
0.834945258519193,0.780743129013467
0.8798600721541325,0.792394541668979
0.890665798128816,0.8008076512005385
0.8787543339775528,0.7936987881351654
0.8722271884384638,0.7512633876184925
0.8891714483518408,0.8013885534565953
0.8600939354862482,0.8118654894902868
0.8731827478327493,0.7977526095054798
0.8638669413230934,0.7963779934931572
0.853771481753414,0.7595428849422422
0.8771636788145102,0.7618485937850341
0.8287284781436595,0.7153628447499059
0.8901611780178189,0.7995930362305637
0.8601174503485606,0.7876661875448839
0.8841212001294686,0.7903242917693533
0.8833082953034604,0.7947237770800941
0.8816338488480499,0.8088070076144577
0.8012086847342966,0.7774353719025467
0.8756760307893937,0.7823935856143587
0.8729298236714418,0.7990181153901882
0.878644209215317,0.7970305280634594
0.8866644498380828,0.7957643184978399
0.7945509081444055,0.7249366537648664
0.8496412933449206,0.7713931976329348
0.8776637931701496,0.8026092051786995
0.8308193094782956,0.7660312678013392
0.8344587621894374,0.7231816315561954
0.8757246530165664,0.8010646806916174
0.8206199102972186,0.6129422691944199
0.8949910168840477,0.8075585764352585
0.8649502667946247,0.8083290795025153
0.8945320081441619,0.7976446530856462
0.8692280162384973,0.7696948757118889
0.8221696270668774,0.7578516094657685
0.8543856992114736,0.7749574977363948
0.8477208496815267,0.7858271361114091
0.8849364469924682,0.7914027403572896
0.8365147513555208,0.7495786262126255
0.8709373430445585,0.7310041218489001
0.8872991853992309,0.7855462633836198
0.8741980136389511,0.7472214698145383
0.8492075321288798,0.7395513852235535
0.8676258800084105,0.7886749695912375
0.8786353264026849,0.8255710207469071
0.8558238959501472,0.7862735626342379
0.846360360204573,0.7836135689739182
0.8820709728743505,0.780794547834239
0.8875696115671707,0.804034469320984
0.8632012584731358,0.7810729827845629
0.855760313785865,0.7813243303954522
0.8760153873047508,0.7983170222517129
0.7557768133913266,0.6183666381782215
0.869229282504249,0.7915466707726533
0.9000926559164557,0.8011089980218978
0.8871845325738457,0.7874128462190991
0.8574178289270454,0.7903822045645705
0.871282020410493,0.7798358108398458
0.8753468442528022,0.7994148975105368
0.88603131357083,0.7923944084328663
0.8975791501850284,0.8087720258501189
0.8058389177424362,0.744702025814493
0.8365150891541487,0.7574804102424116
0.8899825540057452,0.8162608409447499
0.8637872234022982,0.7837928231610505
0.8501079771948261,0.7954959093237796
0.8766920142260392,0.7964747073374545
0.8169887007586146,0.7446473842482154
0.8868235154607058,0.8100079184976348
0.8362986355716281,0.7959324236336026
0.8531774837694631,0.7293151108136545
0.8471322774175145,0.7334301877595989
0.8568650541918086,0.762809476332981
0.8459754825090294,0.7780048663824143
0.8841790749849985,0.7703727625063831
0.8562038586998716,0.747490522437809
0.871485225969792,0.7893799425932304
0.8023181160122203,0.7472074734152585
0.8510768275245536,0.7406885245238206
0.8526321074055325,0.7652029531314044
0.8800841536170171,0.7455040508416614
0.8435372376218537,0.7820716249476652
0.8673080620297489,0.7924429577070587
0.8262813643662386,0.7384249047059147
0.8547584458907215,0.7800901799053278
0.8675644153571737,0.735861101874859
0.8094785365775568,0.7409744321163662
0.8866915579927557,0.7995579185112017
0.8371363454399556,0.7040182026604284
0.843857819692837,0.7612465631758785
0.8551192131675621,0.7950162983625246
0.8388992628391755,0.741959840085016
0.8583885064941972,0.7803090815240934
0.8323722690464327,0.7583248466926394
0.8540919361108742,0.6674649021446311
0.8434779445985834,0.77332184866185
0.7997815756996381,0.7602758130749132
0.8872276584326689,0.800952486894497
0.8841581297739198,0.7813219002855931
0.846080459348369,0.7552845581393246
0.8123231297112825,0.6799008352241486
0.8221232269068128,0.769242973133355
0.8400678215336669,0.8196863365990203
0.8763454716728909,0.8049945155240714
0.8184985933794926,0.7133735147910079
0.8322579725598444,0.7719428966661441
0.8811643551417334,0.8050841031190539
0.8626718662866244,0.7982954450627142
0.8990951854735924,0.7915878633942107
0.8696501646284807,0.7527694702602374
0.8193966961919568,0.7619446438284962
0.8312811875235743,0.7345689115175781
0.8219933578655412,0.7670470989734176
0.8329312300775664,0.7753389440106286
0.7800777787306187,0.7203595208396
0.8176296878389581,0.696977721325766
0.8576300876938623,0.7334283909952971
0.8750639334517014,0.7650879295297398
0.851798022419247,0.7576306897968892
0.8951115624771216,0.8191712361247683
0.8772141883258686,0.8053856492112457
0.8281683292610581,0.7776828882737169
0.8849430861427643,0.7956185096786551
0.8664341038793467,0.7850781416423426
0.8160148143201805,0.7478563517576009
0.8571387150542831,0.7922164273284753
0.8735381337802194,0.7861861916865349
0.8899039623898627,0.8098785016402533
0.8974455197827844,0.776119745327311
0.8227524863662523,0.7527649464204336
0.8415609725584756,0.7636219433627612
0.868392214007918,0.8040984626844749
0.8733993243624919,0.8076231519702671
0.8346613284627266,0.7526705475116545
0.8952146274496504,0.7854064268294726
0.824497945807592,0.7745584727072232
0.8734523880742924,0.782145403651261
0.9008162209282206,0.8105093703130813
0.8466093934869067,0.7668473055474331
0.8660392832481765,0.795477985865993
0.8796185538248978,0.7814049523029023
0.8382255601995819,0.7711105746522957
0.8911921631292565,0.8145860186817655
0.8736063145032688,0.7769130868406942
0.8937676103902691,0.7741535397061999
0.8796299438897194,0.8034317496881754
0.8531866990103187,0.7704763901672307
0.8756972156657131,0.7921141565270461
0.8459539182945661,0.7421272703753735
0.8160701391482776,0.7573764095539192
0.8750602153313153,0.8025831161222178
0.8633105592342106,0.7957307580333864
0.8226884441142261,0.7167033585062775
0.8745387408396763,0.7492266254564366
0.8895784306974387,0.7782967231998879
0.8602767026119311,0.7832445772339997
0.8677141670756963,0.7871156433786053
0.838614133014166,0.7620404667002477
0.8628718355858639,0.7866760968799833
0.8598637218071612,0.7790349624943885
0.7840850404929008,0.6149209733511755
0.8798753741088751,0.7992957405638791
0.8199130467899742,0.7440024320612071
0.8922641947250162,0.8086803365370218
0.8812588303164908,0.7807546255785232
0.8250716712000039,0.7941458837746173
0.8262865379709741,0.7421634853187757
0.8630415771819452,0.7718693989471493
0.8366101160245695,0.7790991747072561
0.8629135617927447,0.7948513528609754
0.891495573543599,0.7938980807584614
0.8925582043262963,0.834403963021186
0.890106021170706,0.798384123227329
0.8561201008423409,0.774216453493065
0.8360029355478928,0.7264557763037772
0.8973482544677869,0.771487703989461
0.8568950532656584,0.8081369726893064
0.8326286162017746,0.7636742036578734
0.8739730022433654,0.8034902701089858
0.8607466722640101,0.7852138516067884
0.870073111539859,0.7574756818111931
0.8387759353611255,0.7616364435451587
0.8583850628220683,0.7823915197651923
0.8479543433307761,0.7760756389775072
0.8174434527192326,0.744347651698001
0.8958796093239719,0.8135208490444397
0.860793505973428,0.8042746388226931
0.854550288892346,0.7618508700522587
0.8634934456196095,0.766829580341983
0.8743082165627318,0.7937857733497574
0.8744209329027268,0.787876779951364
0.8791347972953363,0.7864265742603324
0.851881110362747,0.7100363821489384
0.8642152161859312,0.7804263718620909
0.8483220017948658,0.7747474365444764
0.856689795852039,0.7812891291920674
0.8473485206822938,0.7809728612973335
0.8452417161817318,0.774615678152243
0.8826011474152142,0.797820391396752
0.8350329540959424,0.7735442238835769
0.8473203686611402,0.7265400235718951
0.8486773469826259,0.7887440350509826
0.8572925028203624,0.7492728084838867
0.8664028656254648,0.781583132643024
0.8454346713826574,0.7765652520007633
0.8924558689984344,0.7921396453111132
0.8595365024857633,0.7888899213106498
0.8476393475634074,0.7704918778310575
0.8903188308620834,0.8168473521061865
0.8555921417675393,0.7964795231685643
0.8956743600157492,0.8392062695595396
0.8899547967714653,0.8222415969685893
0.8895944730664929,0.8138464293776217
0.8615270489828588,0.776199778322486
0.8434152887265114,0.7645406694200225
0.875403334990716,0.7979794087477758
0.8982440503852038,0.7700478457980297
0.850757501010833,0.798106767050576
0.848222961026011,0.7922123077553925
0.8819439065752641,0.8109621746163883
0.8921662818935614,0.7888796929189595
0.8523825139575473,0.7907635603613116
0.8237295570393565,0.7335111028760746
0.877615423522656,0.7965809270880821
0.8502494148711494,0.7854871212312458
0.7937205868746593,0.7328187066560842
0.8674484855680501,0.7869827148883289
0.8516969223569346,0.8008382150140271
0.8171624577093214,0.7734458098972591
0.8672201180949202,0.7992109295317941
0.8407092884979074,0.7513258392772163
0.8982417098589903,0.8408360409385252
0.8323615015802072,0.7666211994921991
0.8735356071381548,0.8159592696702194
0.8665182103586428,0.7713732410279572
0.8292761450355629,0.7765737130382241
0.8750107688450471,0.783676096901884
0.8505875640005176,0.784824815081304
0.887547421463122,0.8448499215880776
0.8686176412542865,0.803184668283173
0.8520817450498934,0.7871606800659924
0.8671927247360701,0.7801362854169047
0.8544234545212278,0.7341537788288215
0.8935787261786566,0.8131479244504941
0.8362175824258047,0.7907713795721318
0.8966015266762599,0.789785747975038
0.8702204015076246,0.7875054982092133
0.8403501130071702,0.8151934707899419
0.8623940697809653,0.7791350589180371
0.8471978203768775,0.74774710544989
0.8755239989621961,0.7793781265408651
0.8764548379543846,0.7946010363654153
0.8823779431272254,0.7996328132775378
0.8501163166551207,0.7809782680708497
0.8869957275652327,0.7913255209321468
0.8309967473312204,0.7803843793718888
0.8378613287765214,0.7457227700680726
0.8486726417115106,0.705406373388491
0.8913666376050015,0.8084390938754195
0.8467845901859046,0.7497228943370766
0.8787304171698591,0.7954341803966188
0.8869622879015236,0.8094816407721819
0.8666024165423728,0.792568349667886
0.8595423392344886,0.7695558642315969
0.8521347171269528,0.7551571296848171
0.8712782451310955,0.7957049419012441
0.8575674044998606,0.7833803380797157
0.8831105350159121,0.8427433984492438
0.8470778588063459,0.7467292385207701
0.8716376551371359,0.7877124235101646
0.8792515047209329,0.8081387294575192
0.8850565339441422,0.8016293823342566
0.9012465449477082,0.7897848939173326
0.8879071750547848,0.8167948496498973
0.869272608766385,0.7793476446880151
0.8615467156412842,0.8074952094296457
0.863059432316771,0.7902360763619831
0.8508060715424115,0.809914138526678
0.8075165839039105,0.7269603993973213
0.838850233946956,0.7559650640210716
0.8646446392730198,0.797989236231453
0.8600460783068663,0.8292716446990421
0.8214498017246821,0.7316775061464894
0.8096212854621645,0.7665457703238406
0.8769127012915567,0.8198284281084333
0.8458699113051761,0.7802725136791928
0.8697152274708247,0.7745259805917427
0.8881844771709368,0.7961981224413477
0.8662692749509459,0.7772020911637865
0.8640400279546794,0.7598906466785859
0.9045946632658017,0.8168082471492367
0.8140414896900917,0.7607404317873706
0.88570264871396,0.7677870498797541
0.842395072635153,0.7962975282178538
0.8532359756571761,0.7797834816423107
0.8949565830955423,0.7847760464722658
0.8269820307880759,0.7402641278511816
0.8677544561229669,0.719587808889476
0.8607756586301811,0.7629437192082752
0.8799441751519285,0.8022598262970263
0.8197950421618858,0.7610569791726904
0.8720470929501019,0.7914765493050124
0.8797638713533196,0.8119537272324929
0.8382446931043946,0.768558157724603
0.8850467420668674,0.7912936763432249
0.8271352438772338,0.7714615268718907
0.8515876081513712,0.7914941855772271
0.8803742505362585,0.7759623811879702
0.851706316986652,0.7645011095551651
0.8907208517337797,0.803605858097096
0.855619074185929,0.7740363080891102
0.8268805313507803,0.7391854763366814
0.8295512302300493,0.7104335270917549
0.8629933710053141,0.7837694782567731
0.8848716187806255,0.7880310817852686
0.8445740771042436,0.81241361109016
0.8978289613771959,0.798819053473043
0.8907258977256957,0.8047999035300246
0.8178246140770458,0.7230876938655022
0.8972658863162969,0.8004450476711166
0.8966141371486993,0.8503748472316296
0.8351153828059078,0.7891232792539556
0.8573075989586446,0.7774415844850024
0.8466990890625022,0.7482896473497745
0.8841462312063961,0.8121720045933192
0.8574881572304865,0.7888894162023267
0.8865877135382515,0.797336393931311
0.8145134688226022,0.7209327084209205
0.8382369254083357,0.7677563051702453
0.8933741479695423,0.7962441744553327
0.887984260679483,0.7964273922035611
0.8670725712814215,0.7708539938653745
0.8884670427737158,0.7101320393817675
0.8923529840006227,0.8127488163739112
0.8429745757641001,0.7813349525350979
0.8550018974380621,0.8217079984904081
0.8526146413188124,0.7829163276264326
0.845028486736533,0.7783370282974985
0.8990828782013165,0.7774565898995366
0.8465801628639418,0.7841395880338737
0.8895578861823031,0.8022108894163336
0.8549979728598276,0.7725723882633492
0.8870530328599308,0.834941549798079
0.8363513869453886,0.7351039481638069
0.8275339628821067,0.8017740755176715
0.8791406424088373,0.8230826208497912
0.8365894404247848,0.8005046173034331
0.8565179268366069,0.8192678356521084
0.8659609290098758,0.7914737574996232
0.8347607321139545,0.7890277750098945
0.8411764305089084,0.7352922629453996
0.847061876973936,0.7995378235248944
0.8532080123816245,0.7637273595726051
0.8681643587287493,0.791628503505251
0.8692434281114763,0.8018300711121358
0.8441929957598411,0.766472971498647
0.8766051165573001,0.7894763097297804
0.8430541732321528,0.7670593155403118
0.8873432716022658,0.7895340330014338
0.8853345396076246,0.8086522985976599
0.8784170172354414,0.7991584310808169
0.868187349219508,0.7875909557757244
0.8482098798605365,0.8029554853184016
0.8800814911130659,0.7941311519141353
0.8790384182172339,0.7967704463700542
0.8558528502886013,0.7451828039198106
0.8463547356126855,0.7706912807525689
0.8769007711515381,0.7674862949697637
